DFS ID,Name,Pos,Team,Opp,Status,Salary,Actual,SS Proj,Live Proj,My Proj,Value,My Own,Adj Own,Min Exp,Max Exp,Saber Team,Saber Total,dk_points,dk_25_percentile,dk_50_percentile,dk_75_percentile,dk_85_percentile,dk_95_percentile,dk_99_percentile,fd_points,fd_25_percentile,fd_50_percentile,fd_75_percentile,fd_85_percentile,fd_95_percentile,fd_99_percentile,yahoo_points,yahoo_25_percentile,yahoo_50_percentile,yahoo_75_percentile,yahoo_85_percentile,yahoo_95_percentile,yahoo_99_percentile,ob_points,ob_25_percentile,ob_50_percentile,ob_75_percentile,ob_85_percentile,ob_95_percentile,ob_99_percentile,dk_std,fd_std,yahoo_std,ob_std,PTS,Min,2PT,3PT,RB,Off Reb,Def Reb,AST,STL,BLK,TO
43295351,A'ja Wilson,F/UTIL,LAV,DAL,,12600,0,49.53,,49.53,3.930952380952381,40.47,28.681799196738847,0,100,92.8334,183.8408,49.5342,43.1875,49.25,55.75,59.25,65.75,73,49.0637,42.4,48.8,55.5,59,65.605,73,49.0637,42.4,48.8,55.5,59,65.605,73,49.8074,43.3,49.6,56.1,59.5,65.805,73.301,9.54839,9.75921,9.75921,9.52589,29.731,34.2472,9.92914,1.00814,8.55043,1.32314,7.22729,3.13557,1.26457,1.109,2.75186
43295361,Jackie Young,G/UTIL,LAV,DAL,,10700,0,37.14,,37.14,3.4710280373831774,23.66,20.599990267365705,0,100,92.8334,183.8408,37.1413,31,36.75,43,46.25,52,58.5,35.9316,30,35.7,41.5,44.8,50.3,56.6,35.9316,30,35.7,41.5,44.8,50.3,56.6,36.4363,30.7,36.2,41.8,45.1,50.5,56.6,8.67834,8.47222,8.47222,8.24064,16.8224,33.9999,4.88729,1.95186,5.13057,0.656714,4.47386,7.25243,1.10143,0.293429,2.11071
43295355,Jessica Shepard,F/UTIL,DAL,LAV,,11500,0,35.56,,35.56,3.0921739130434784,18.48,17.271477125734766,0,100,91.0074,183.8408,35.5556,28.75,35,41.75,45.25,51.5,59.5,34.1578,28,33.9,40,43.1,49,56.5,34.1578,28,33.9,40,43.1,49,56.5,34.6444,28.6,34.35,40.4,43.5,49.1,56.7,9.31448,8.72973,8.72973,8.57773,12.6563,30.4523,5.01386,0.0985714,9.51214,1.95086,7.56129,6.40586,0.667857,0.0385714,1.64114
43295365,Olivia Miles,G/UTIL,MIN,POR,,10500,0,35.27,,35.27,3.3590476190476193,20.44,18.447132395687195,0,100,93.4953,175.0024,35.2652,29.25,35,41,44.25,50.25,56.5,34.8872,28.6,34.6,40.7,44.1,50.1,57.101,34.8872,28.6,34.6,40.7,44.1,50.1,57.101,35.5788,29.6,35.3,41.2,44.5,50.3,56.901,8.61068,8.86207,8.86207,8.58096,17.057,30.2632,5.02929,0.846143,4.79671,0.389143,4.40757,6.19314,1.45129,0.421714,2.83457
43295353,Kelsey Plum,G/UTIL,LAS,GSV,,11600,0,35.12,,35.12,3.027586206896552,11.57,11.615232254491028,0,100,89.1013,177.2946,35.1189,29.25,34.75,40.75,44,50.25,57.25,33.1918,27.3,32.8,38.8,42,47.8,54.301,33.1918,27.3,32.8,38.8,42,47.8,54.301,34.1157,28.4,33.7,39.6,42.8,48.4,54.901,8.70398,8.552,8.552,8.32548,21.8037,32.0701,4.86843,2.58086,2.842,0.207286,2.63471,5.29057,0.828,0.0778571,2.67571
43295369,Natasha Howard,F/UTIL,MIN,POR,,10300,0,34.62,,34.62,3.3611650485436892,26.53,22.978888445489737,0,100,93.4953,175.0024,34.6214,28.5,34.25,40.25,43.5,49.5,55.5025,33.8358,27.7,33.6,39.7,43,48.905,55.101,33.8358,27.7,33.6,39.7,43,48.905,55.101,35.0223,29,34.7,40.7,44,49.7,55.702,8.59452,8.85822,8.85822,8.58632,17.8964,29.2238,7.63014,0.112571,7.41429,2.64043,4.77386,3.54071,1.27743,0.516429,3.65043
43295357,Paige Bueckers,G/UTIL,DAL,LAV,,11200,0,34.43,,34.43,3.0741071428571427,13.72,13.370796115538838,0,100,91.0074,183.8408,34.4297,28.25,34,40.25,43.5,49.5,57.25,33.4358,27.375,33.2,39.3,42.5,48.5,55.901,33.4358,27.375,33.2,39.3,42.5,48.5,55.901,33.9845,27.9,33.65,39.6,42.9,48.7,55.801,8.84787,8.83058,8.83058,8.62404,19.6577,32.5039,5.25214,1.76443,3.54371,0.329286,3.21443,5.41529,0.829,0.280714,1.92643
43295371,Veronica Burton,G/UTIL,GSV,LAS,,10000,0,33.27,,33.27,3.327,22.71,20.60267924538521,0,100,88.1933,177.2946,33.2653,27,32.75,39,42.75,49,56,33.7583,27.2,33.3,39.8,43.6,49.8,57.1,33.7583,27.2,33.3,39.8,43.6,49.8,57.1,33.8825,27.6,33.4,39.8,43.3,49.505,56.5,9.02747,9.3514,9.3514,9.07664,14.7993,29.7917,2.908,1.669,3.25271,0.655143,2.59757,6.23371,1.43829,1.02571,1.68686
43295373,Courtney Williams,G/UTIL,MIN,POR,,9900,0,33.2,,33.2,3.353535353535354,23.76,21.156261347604786,0,100,93.4953,175.0024,33.2011,27.25,32.75,38.75,42.25,48.25,54.75,32.9961,26.8,32.6,38.6,42.1,48.1,55.2,32.9961,26.8,32.6,38.6,42.1,48.1,55.2,33.1048,27.1,32.7,38.6,41.9,47.805,54.601,8.63308,8.77929,8.77929,8.50438,16.3319,30.2251,5.299,1.71943,5.21429,0.368,4.84629,4.39414,1.49529,0.347571,1.71271
43295375,Chelsea Gray,G/UTIL,LAV,DAL,,9700,0,31.98,,31.98,3.2969072164948456,20.59,19.00088030481809,0,100,92.8334,183.8408,31.9764,25.75,31.5,37.5,41,46.7625,53.2525,30.0589,24.1,29.8,35.6,39,44.5,50.803,30.0589,24.1,29.8,35.6,39,44.5,50.803,31.3772,25.7,31.1,36.7,40,45.3,51.3,8.58598,8.46033,8.46033,8.14553,12.4509,34.1542,2.76543,2.08214,4.215,0.242429,3.97257,7.87814,1.05643,0.418857,3.693
43295359,Nneka Ogwumike,F/UTIL,LAS,GSV,,11100,0,31.17,,31.17,2.808108108108108,9.37,9.679195727861835,0,100,89.1013,177.2946,31.1712,25,30.75,37,40.25,46,53.2525,30.2673,24.3,29.9,35.8,39.1,44.8,51.403,30.2673,24.3,29.9,35.8,39.1,44.8,51.403,30.647,24.9,30.2,36.1,39.3,44.9,51.402,8.64904,8.47615,8.47615,8.26935,14.8061,31.1028,4.28129,1.23271,8.48357,0.937143,7.54643,1.81914,0.887143,0.512429,1.64657
43295377,Gabby Williams,F/UTIL,GSV,LAS,,9500,0,30.27,,30.27,3.186315789473684,20.64,19.278957617531404,0,100,88.1933,177.2946,30.2747,24,29.75,35.75,39.25,45.25,52.5,30.6222,24.2,30.1,36.5,40.1,46.6,53.501,30.6222,24.2,30.1,36.5,40.1,46.6,53.501,30.4876,24.3,30.1,36.1,39.5,45.705,52.6,8.70148,9.13115,9.13115,8.71104,15.2437,28.5564,3.04457,2.15286,4.12457,0.621286,3.50329,3.02343,2.18986,0.415,1.92071
43295363,Dearica Hamby,F/UTIL,LAS,GSV,,10600,0,29.49,,29.49,2.782075471698113,6.98,7.451756757050718,0,100,89.1013,177.2946,29.4935,23.5,29,34.75,38.5,44.75,51.25,28.8899,22.9,28.3,34.3,37.7,43.9,50.901,28.8899,22.9,28.3,34.3,37.7,43.9,50.901,29.4054,23.6,28.9,34.7,38,44.1,50.8,8.53277,8.56287,8.56287,8.35094,14.3481,27.7137,4.56757,0.410286,7.55186,1.49386,6.058,2.47129,0.875143,0.351143,1.90629
43295383,Carla Leite,G/UTIL,POR,MIN,,8300,0,26.79,,26.79,3.227710843373494,16.23,15.701043156137448,0,100,81.5071,175.0024,26.7919,21,26.25,32,35.2875,41.5,48.7525,25.7188,19.7,25.2,31.1,34.5,40.8,47.9,25.7188,19.7,25.2,31.1,34.5,40.8,47.9,26.8222,21,26.4,32,35.4,41.3,48.101,8.37424,8.54931,8.54931,8.31485,16.1421,25.8017,4.30171,0.564,2.04743,0.334143,1.71329,5.02271,0.789286,0.0712857,2.996
43295381,Kayla McBride,G/UTIL,MIN,POR,,8500,0,25.96,,25.96,3.0541176470588236,13.49,13.296879824858669,0,100,93.4953,175.0024,25.9615,20.5,25.5,31,34.25,39.75,46.25,26.0242,20.2,25.6,31.3,34.6,40.2,47.1,26.0242,20.2,25.6,31.3,34.6,40.2,47.1,25.935,20.4,25.4,31,34.1,39.3,46.301,7.93906,8.20297,8.20297,7.86086,14.4464,31.0926,3.05986,1.79343,3.68929,0.45,3.23929,1.98129,1.62386,0.250857,1.44543
43295379,Arike Ogunbowale,G/UTIL,DAL,LAV,,8700,0,25.82,,25.82,2.9678160919540226,8.59,8.905958312042342,0,100,91.0074,183.8408,25.8239,20.5,25.5,30.75,34,39.75,45.25,24.9048,19.5,24.6,29.9,33.2,38.8,44.4,24.9048,19.5,24.6,29.9,33.2,38.8,44.4,25.2955,20.1,24.9,30.1,33.3,38.7,44.2,7.89655,7.89637,7.89637,7.6463,15.3186,29.7442,3.03629,2.03443,2.62771,0.329571,2.29814,3.23329,0.981,0.134143,1.76243
43295385,Azzi Fudd,G/UTIL,DAL,LAV,,8200,0,25.82,,25.82,3.148780487804878,13.61,13.409020159055938,0,100,91.0074,183.8408,25.822,20.25,25.5,31,34,39.5,45.5025,26.6236,20.8,26.4,32.1,35.2,40.9,48,26.6236,20.8,26.4,32.1,35.2,40.9,48,26.3587,20.8,26,31.6,34.6,40,46.601,7.92267,8.38243,8.38243,8.01856,14.458,32.4713,3.61757,2.11857,2.40329,0.551857,1.85143,1.79129,1.83271,0.799857,1.303
43295397,Janelle Salaun,F/UTIL,GSV,LAS,,7600,0,24.95,,24.95,3.2828947368421053,23.04,21.974468858137136,0,100,88.1933,177.2946,24.9487,19,24.5,30.25,33.5,39.75,47.25,24.2557,18.4,23.8,29.4,32.8,38.3,45.7,24.2557,18.4,23.8,29.4,32.8,38.3,45.7,24.1937,18.5,23.8,29.2,32.5,37.9,44.9,8.33634,8.16712,8.16712,7.95376,14.6906,26.5316,2.07486,2.68943,3.71229,0.64,3.07229,1.42914,0.984429,0.291286,0.860429
43295399,NaLyssa Smith,F/UTIL,LAV,DAL,,7500,0,24.38,,24.38,3.2506666666666666,22.47,21.196816368824745,0,100,92.8334,183.8408,24.376,19,23.75,29.25,32.5,37.75,44.5,24.2226,18.6,23.7,29.225,32.3,37.7,45.001,24.2226,18.6,23.7,29.225,32.3,37.7,45.001,24.5408,19,24,29.5,32.4,37.8,44.701,7.68169,7.82427,7.82427,7.66183,12.4033,25.6168,4.78143,0.139,6.61071,1.962,4.64871,1.34329,0.624143,0.419857,1.26043
43295393,Bridget Carleton,F/UTIL,POR,MIN,,7800,0,22.95,,22.95,2.9423076923076925,13.33,13.22657634753876,0,100,81.5071,175.0024,22.9494,17.5,22.5,28,31,36.25,42,23.2789,17.7,23,28.4,31.6,37.1,42.901,23.2789,17.7,23,28.4,31.6,37.1,42.901,22.8827,17.6,22.5,27.8,30.8,36.1,42.101,7.70442,7.92877,7.92877,7.59082,11.4936,27.6976,1.95086,2.02771,2.99657,0.292857,2.70371,2.18114,1.66457,0.265429,0.872286
43295389,Emily Engstler,F/UTIL,POR,MIN,,8000,0,22.43,,22.43,2.80375,8.46,8.679862712052206,0,100,81.5071,175.0024,22.4329,17.25,21.75,27,30.25,35.5,42,23.1018,17.4,22.5,28.1,31.5,37.4,44.6,23.1018,17.4,22.5,28.1,31.5,37.4,44.6,23.5199,18,22.9,28.4,31.6,37.305,44.1,7.48699,8.17942,8.17942,7.85933,9.26071,24.3183,2.24971,1.20014,4.52714,0.666143,3.861,1.79386,1.52986,1.16471,2.366
43295391,Kayla Thornton,F/UTIL,GSV,LAS,,7900,0,21.81,,21.81,2.760759493670886,6.8,7.103142429766944,0,100,88.1933,177.2946,21.8106,16.75,21.25,26.5,29.25,34.5,41.5,21.7113,16.5,21.3,26.4,29.4,34.6,41.3,21.7113,16.5,21.3,26.4,29.4,34.6,41.3,21.7172,16.7,21.3,26.3,29.2,34.2,40.501,7.30865,7.4283,7.4283,7.17859,10.9533,27.8453,2.13143,1.85129,4.89543,0.953571,3.94186,0.698143,1.06214,0.574571,1.07386
43295407,Sarah Ashlee Barker,G/UTIL,POR,MIN,,6800,0,21.77,,21.77,3.201470588235294,15.78,15.560265574488914,0,100,81.5071,175.0024,21.7657,16.25,21.25,26.5625,29.75,35,42.25,20.9817,15.4,20.4,26,29.2,34.5,41.3,20.9817,15.4,20.4,26,29.2,34.5,41.3,21.6974,16.4,21.15,26.5,29.6,34.9,41.6,7.59213,7.8396,7.8396,7.53442,10.2579,28.1982,2.75686,1.161,4.514,0.881857,3.63214,2.63086,1.06314,0.222,2.49471
43295395,Nia Coffey,F/UTIL,MIN,POR,,7700,0,20.99,,20.99,2.725974025974026,7.91,8.142021797056785,0,100,93.4953,175.0024,20.9949,16,20.5,25.5,28.25,33.2625,39,20.4331,15.5,20,24.9,27.7,32.7,38.201,20.4331,15.5,20,24.9,27.7,32.7,38.201,20.6813,15.8,20.2,25.1,27.8,32.7,38,7.00974,6.96885,6.96885,6.81914,9.038,25.892,1.69886,1.76186,5.51771,0.539857,4.97786,1.53286,0.661571,0.549286,1.158
43295387,Ariel Atkins,G/UTIL,LAS,GSV,,8100,0,20.89,,20.89,2.579012345679012,2.3,2.5181819386664905,0,100,89.1013,177.2946,20.8905,15.75,20.5,25.5,28.5,33.5,40.25,20.9814,15.5,20.4,25.9,29.1,34.4,41.201,20.9814,15.5,20.4,25.9,29.1,34.4,41.201,21.449,16.1,20.9,26.2,29.3,34.4,41,7.31254,7.80963,7.80963,7.50037,9.769,25.3224,2.06714,1.26829,3.48871,0.552143,2.93657,2.17186,1.18529,0.777571,2.12043
43295403,Megan Gustafson,F/UTIL,POR,MIN,,7000,0,20.75,,20.75,2.9642857142857144,12.69,12.640530700388737,0,100,81.5071,175.0024,20.7539,15.75,20.25,25.25,28.25,33.75,40,20.2746,15.2,19.8,24.8,27.8,33,39.401,20.2746,15.2,19.8,24.8,27.8,33,39.401,20.5556,15.575,20.2,25,28,33.3,39.6,7.34208,7.30701,7.30701,7.2128,12.5286,24.8243,3.3,1.24029,4.25714,0.744143,3.513,0.711429,0.345571,0.480429,0.907714
43295405,Cameron Brink,F/UTIL,LAS,GSV,,6900,0,19.07,,19.07,2.763768115942029,8.71,8.804148639425458,0,100,89.1013,177.2946,19.071,14,18.5,23.5,26.25,31.5,38,18.9775,13.7,18.5,23.8,26.8,32.1,38.601,18.9775,13.7,18.5,23.8,26.8,32.1,38.601,19.933,14.7,19.4,24.6,27.7,32.8,39.1,7.05063,7.53141,7.53141,7.39599,8.45514,18.1543,2.17286,0.655,4.94157,1.10343,3.83814,1.21757,0.569,1.17971,2.48
43295401,Erica Wheeler,G/UTIL,LAS,GSV,,7100,0,18.14,,18.14,2.554929577464789,2.19,2.3263732245662703,0,100,89.1013,177.2946,18.1379,13.5,17.5,22.25,25.25,30,36.25,17.7667,12.9,17.3,22.125,25,30,35.801,17.7667,12.9,17.3,22.125,25,30,35.801,18.2192,13.5,17.7,22.4,25.3,30.1,35.9,6.73573,6.97912,6.97912,6.72661,7.06529,24.8933,1.76443,0.849714,2.70729,0.285714,2.42157,4.008,0.811143,0.241143,1.71614
43295411,Jewell Loyd,G/UTIL,LAV,DAL,,6000,0,18.07,,18.07,3.0116666666666667,10.02,10.061810377376716,0,100,92.8334,183.8408,18.0699,13.25,17.5,22.5,25.25,30.5,36.25,17.2604,12.4,16.8,21.5,24.4,29.3,35.301,17.2604,12.4,16.8,21.5,24.4,29.3,35.301,17.4273,12.775,16.9,21.6,24.2,29.1,35.1,6.9171,6.76372,6.76372,6.5588,9.22686,27.7524,1.06229,2.07957,2.99914,0.393714,2.60543,1.83857,0.727714,0.185,1.06143
43295425,Awak Kuier,F/UTIL,DAL,LAV,,5200,0,16.36,,16.36,3.1461538461538456,16.42,16.475725071151526,0,100,91.0074,183.8408,16.3554,11.5,15.75,20.5,23.5,28.25,35,16.5912,11.6,15.9,21,24.1,29.4,35.9,16.5912,11.6,15.9,21,24.1,29.4,35.9,16.759,11.9,16.1,21,23.9,29.1,35.501,6.76421,7.16152,7.16152,6.91516,7.36243,18.6369,1.42657,0.901714,3.13157,0.541714,2.58986,1.548,0.89,0.568143,1.22557
43295415,Rae Burrell,G/UTIL,LAS,GSV,,5800,0,16.24,,16.24,2.7999999999999994,5.59,5.66047765526728,0,100,89.1013,177.2946,16.2426,11.75,15.75,20.25,22.75,27.25,32.75,15.4102,11,15,19.5,21.9,26.3,31.601,15.4102,11,15,19.5,21.9,26.3,31.601,15.9732,11.6,15.6,19.9,22.3,26.7,31.8,6.2874,6.31589,6.31589,6.13517,8.49914,24.5486,1.84714,1.17129,3.44014,0.649571,2.79057,1.47043,0.458857,0.261857,1.58486
43295419,Tiffany Hayes,G/UTIL,GSV,LAS,,5600,0,16.24,,16.24,2.9,7.53,7.530000000000113,0,100,88.1933,177.2946,16.2363,11.5,15.75,20.5,23,27.75,34.25,15.8444,11,15.3,20.1,22.9,27.6,34.3,15.8444,11,15.3,20.1,22.9,27.6,34.3,16.0659,11.4,15.6,20.3,22.9,27.4,33.8,6.63451,6.70747,6.70747,6.53305,8.96086,17.819,1.96457,0.915143,2.17643,0.280857,1.89557,2.15843,0.578714,0.106571,1.02171
43295413,Cecilia Zandalasini,F/UTIL,GSV,LAS,,5900,0,15.84,,15.84,2.6847457627118643,7.54,7.46717312960682,0,100,88.1933,177.2946,15.8368,11,15.25,20.25,23,27.75,33.75,15.3107,10.4,14.7,19.8,22.415,27.3,33,15.3107,10.4,14.7,19.8,22.415,27.3,33,15.569,10.9,14.9,19.9,22.6,27.4,33.001,6.84066,6.8499,6.8499,6.64977,8.28457,17.5451,1.31186,1.52143,2.18071,0.256857,1.92386,1.83429,0.734286,0.235286,1.25086
43295421,Maddy Siegrist,F/UTIL,DAL,LAV,,5500,0,15.61,,15.61,2.8381818181818184,8.63,8.599581220603856,0,100,91.0074,183.8408,15.6062,11,15,19.75,22.5,27,32.5,15.6904,11,15.2,19.8,22.6,27,33.2,15.6904,11,15.2,19.8,22.6,27,33.2,15.6211,11,15.1,19.6,22.4,26.9,32.5,6.44474,6.54789,6.54789,6.43141,8.39243,17.7804,2.69671,0.784429,3.06914,0.584857,2.48429,1.04029,0.457,0.334,0.318429
43295423,Kiah Stokes,F/UTIL,GSV,LAS,,5300,0,14.84,,14.84,2.8,9.85,9.839111863242799,0,100,88.1933,177.2946,14.8449,10.5,14.5,18.75,21.25,25.25,30.25,16.221,11.3,15.7,20.6,23.3,28.1,33.9,16.221,11.3,15.7,20.6,23.3,28.1,33.9,16.0791,11.3,15.6,20.4,23,27.7,33.3,5.96055,6.78045,6.78045,6.60022,3.84171,19.6482,1.17443,0.319714,3.68657,0.478143,3.20843,1.71129,0.735,1.21157,0.451286
43295429,Stephanie Talbot,F/UTIL,LAV,DAL,,5000,0,13.62,,13.62,2.7239999999999998,7.94,7.899436571612084,0,100,92.8334,183.8408,13.624,9.5,13.25,17.25,19.5,23.5,28.5,13.5217,9.3,13.1,17.3,19.6,23.9,29,13.5217,9.3,13.1,17.3,19.6,23.9,29,13.6852,9.6,13.3,17.3,19.5,23.6,28.6,5.62233,5.86154,5.86154,5.63345,4.53671,20.1781,1.05543,0.598857,3.31757,0.552429,2.76514,2.25414,0.738,0.157857,1.06486
43295433,Alanna Smith,F/UTIL,DAL,LAV,,4700,0,13.6,,13.6,2.893617021276596,12.51,12.542812055089794,0,100,91.0074,183.8408,13.6009,9,13,17.5,20.25,25,30.25,13.8684,9.1,13.2,18.2,20.8,26,31.501,13.8684,9.1,13.2,18.2,20.8,26,31.501,14.0371,9.4,13.4,18.1,20.7,25.7,31.201,6.22349,6.68947,6.68947,6.44034,4.74443,14.8642,1.361,0.561286,2.85171,0.744571,2.10714,2.00757,0.895143,0.412571,1.23257
43295435,Kaila Charles,G/UTIL,GSV,LAS,,4600,0,13.2,,13.2,2.869565217391304,7.19,7.0185526831529135,0,100,88.1933,177.2946,13.2044,8.75,12.75,17,19.5,23.75,29.5,12.857,8.4,12.3,16.8,19.3,23.6,29.201,12.857,8.4,12.3,16.8,19.3,23.6,29.201,13.1239,8.8,12.6,17,19.5,23.5,29,6.04385,6.16179,6.16179,5.98179,5.90057,16.1262,1.29086,0.845,3.37129,0.922429,2.44886,1.09743,0.519571,0.253143,1.05343
43295431,Teja Oblak,G/UTIL,POR,MIN,,4800,0,12.59,,12.59,2.622916666666667,3.55,3.3651782768102927,0,100,81.5071,175.0024,12.5894,8.5,12.25,16.25,18.75,22.75,27.75,12.2114,7.9,11.7,16,18.4,22.8,28.101,12.2114,7.9,11.7,16,18.4,22.8,28.101,12.7086,8.5,12.3,16.4,18.7,23,28.3,5.77981,5.97941,5.97941,5.82309,5.37586,14.4282,1.625,0.447286,2.00443,0.363714,1.64071,2.53729,0.576429,0.155286,1.57086
43295437,Anastasiia Olairi Kosu,F/UTIL,MIN,POR,,4400,0,12.23,,12.23,2.7795454545454548,9.12,8.980679181644193,0,100,93.4953,175.0024,12.2319,8,11.75,16,18.25,22.5,27.75,12.5081,8,11.9,16.4,19.1,23.4,29.6,12.5081,8,11.9,16.4,19.1,23.4,29.6,12.6676,8.2,12.1,16.5,19,23.305,29,5.72912,6.16982,6.16982,5.9971,6.01057,14.1486,2.53871,0.0217143,2.36543,0.906286,1.45914,1.32771,0.584143,0.272714,0.903143
43295439,Luisa Geiselsoder,F/UTIL,POR,MIN,,4300,0,11.36,,11.36,2.641860465116279,7.36,7.1667721157580315,0,100,81.5071,175.0024,11.3619,7.5,10.75,14.75,17,21.25,26.0025,11.2824,7.2,10.7,14.8,17.2,21.6,26.5,11.2824,7.2,10.7,14.8,17.2,21.6,26.5,11.4296,7.4,10.9,14.9,17.1,21.305,26.301,5.53786,5.7101,5.7101,5.56264,4.69486,14.4263,0.992857,0.725571,2.447,0.26,2.187,1.36429,0.478571,0.314,0.773
43295417,Aziaha James,G/UTIL,DAL,LAV,,5700,0,10.24,,10.24,1.7964912280701755,0.43,0.29507610771340104,0,100,91.0074,183.8408,10.2379,6,9.5,13.75,16.25,21,26.5,10.4591,6,9.7,14.2,16.9,21.8,27.4,10.4591,6,9.7,14.2,16.9,21.8,27.4,10.4356,6.2,9.7,14.1,16.7,21.6,26.601,5.7911,6.13598,6.13598,5.91306,4.673,10.2013,1.13257,0.512143,1.88671,0.485429,1.40129,0.987,0.699,0.198857,0.652
43295455,Maya Caldwell,G/UTIL,MIN,POR,,3400,0,9.97,,9.97,2.9323529411764704,7.87,7.5421814433457754,0,100,93.4953,175.0024,9.96593,6,9.25,13.25,15.75,20.25,25.75,9.93253,5.7,9.2,13.4,15.9,20.5,26.301,9.93253,5.7,9.2,13.4,15.9,20.5,26.301,9.95103,5.9,9.4,13.2,15.7,20.105,25.8,5.55618,5.70549,5.70549,5.5305,4.08186,12.2332,0.735143,0.739571,1.80086,0.328,1.47286,1.41071,0.551571,0.169143,0.588571
43295459,Cheyenne Parker-Tyus,F/UTIL,LAV,DAL,,3200,0,8.8,,8.8,2.7500000000000004,10.97,10.872717742885417,0,100,92.8334,183.8408,8.80068,5.25,8.25,12,14,18,22.75,8.78776,5,8.2,11.9,14.2,18.4,23.601,8.78776,5,8.2,11.9,14.2,18.4,23.601,8.99497,5.2,8.4,12.2,14.4,18.4,23.4,5.02535,5.25855,5.25855,5.1615,4.72186,9.61016,1.61529,0.170429,1.877,0.446857,1.43014,0.628429,0.330429,0.208143,0.744857
43295457,Kaitlyn Chen,G/UTIL,GSV,LAS,,3300,0,7.87,,7.87,2.3848484848484848,3.8,3.3151345554116074,0,100,88.1933,177.2946,7.86786,4.5,7.5,10.75,12.5,16,20,7.5809,4.2,7,10.4,12.4,15.805,19.7,7.5809,4.2,7,10.4,12.4,15.805,19.7,7.8359,4.5,7.4,10.6,12.5,15.905,19.9,4.50147,4.56882,4.56882,4.47592,4.06343,11.6275,1.29857,0.262429,1.29771,0.268286,1.02943,1.24814,0.211143,0.0585714,0.721143
43295445,Frieda Buhner,F/UTIL,POR,MIN,,3800,0,7.79,,7.79,2.0500000000000003,5.01,4.442749932028414,0,100,81.5071,175.0024,7.78686,4.25,7.25,10.75,12.75,16.25,20.25,7.41154,4,7,10.4,12.4,16,20.101,7.41154,4,7,10.4,12.4,16,20.101,7.69826,4.4,7.2,10.5,12.6,16,20.2,4.63828,4.7037,4.7037,4.55978,4.53757,12.6316,0.909286,0.527714,1.69914,0.392857,1.30629,0.310571,0.323857,0.0982857,0.897286
43295451,Nyadiew Puoch,F/UTIL,POR,MIN,,3500,0,7.65,,7.65,2.1857142857142855,3.57,3.108167618863856,0,100,81.5071,175.0024,7.64725,4.5,7,10.5,12.25,15.5,19.5,7.62839,4.2,7.2,10.6,12.6,16,20.3,7.62839,4.2,7.2,10.6,12.6,16,20.3,7.73831,4.5,7.2,10.5,12.5,15.7,19.6,4.42154,4.6673,4.6673,4.45469,3.47457,13.1754,0.930571,0.421571,1.50729,0.401143,1.10614,0.769571,0.557857,0.0982857,0.777714
43295469,Teaira McCowan,F/UTIL,MIN,POR,,3000,0,7.22,,7.22,2.4066666666666667,6.8,6.1884853845481675,0,100,93.4953,175.0024,7.22171,3.5,6.5,10,12.25,16.5,22,7.11419,3.2,6.2,10,12.3,16.6,22.1,7.11419,3.2,6.2,10,12.3,16.6,22.1,7.32633,3.6,6.4,10.2,12.5,16.8,22.2,4.86922,5.02617,5.02617,4.97155,3.40029,7.14605,1.25986,0.0904286,2.00057,0.532429,1.46814,0.589286,0.208,0.145857,0.632286
43295447,Antonia Delaere,G/UTIL,MIN,POR,,3700,0,7.15,,7.15,1.9324324324324325,1.41,1.029178268933773,0,100,93.4953,175.0024,7.15396,3.75,6.5,10,11.75,15.75,19.75,6.97273,3.5,6.4,9.7,11.7,15.6,20.101,6.97273,3.5,6.4,9.7,11.7,15.6,20.101,7.13059,3.7,6.6,9.9,11.7,15.4,19.7,4.51938,4.62716,4.62716,4.47357,3.006,12.3546,0.718286,0.415714,1.22186,0.206,1.01586,1.27186,0.343429,0.0738571,0.659143
43295471,Kierstan Bell,F/UTIL,LAV,DAL,,3000,0,5.03,,5.03,1.6766666666666667,1.63,1.100140529966945,0,100,92.8334,183.8408,5.03082,2,4.5,7,8.75,12.25,16.25,4.97966,2,4.2,7.2,8.9,12.4,16.5,4.97966,2,4.2,7.2,8.9,12.4,16.5,5.04787,2.4,4.4,7.2,8.9,12.4,16.301,3.79837,3.90395,3.90395,3.79658,1.89,7.50012,0.400143,0.323857,1.099,0.184429,0.914571,0.725714,0.233857,0.117,0.370286
43295461,Alysha Clark,F/UTIL,DAL,LAV,,3200,0,4.7,,4.7,1.46875,1.14,0.722161120035306,0,100,91.0074,183.8408,4.70071,2,4,6.75,8.5,11.5,15.25,4.60263,1.7,4.2,6.9,8.4,11.6,15.4,4.60263,1.7,4.2,6.9,8.4,11.6,15.4,4.6537,2,4.1,6.825,8.4,11.4,14.801,3.67429,3.75443,3.75443,3.60419,2.01557,8.3841,0.218286,0.407429,1.17743,0.118286,1.05914,0.320857,0.296571,0.0672857,0.398714
43295453,Chance Gray,G/UTIL,LAS,GSV,,3500,0,4.2,,4.2,1.2000000000000002,0.66,0.3575309001391116,0,100,89.1013,177.2946,4.20404,1.5,3.5,6.25,7.75,10.75,14.75,3.93987,1.2,3.2,6,7.5,10.4,13.9,3.93987,1.2,3.2,6,7.5,10.4,13.9,4.10973,1.5,3.5,6.2,7.6,10.4,14.2,3.47583,3.42985,3.42985,3.37003,1.89771,7.22772,0.308286,0.375,1.12186,0.145571,0.976286,0.358714,0.0994286,0.0995714,0.439143
43295465,Liatu King,F/UTIL,MIN,POR,,3100,0,4.13,,4.13,1.332258064516129,0.97,0.569322519643903,0,100,93.4953,175.0024,4.12668,1.5,3.5,6,7.75,10.75,15,4.09249,1.2,3.2,6.2,7.7,11,15.2,4.09249,1.2,3.2,6.2,7.7,11,15.2,4.18749,1.5,3.5,6.2,7.7,11,14.9,3.50781,3.66149,3.66149,3.54989,2.22686,7.42071,0.563857,0.179857,0.823857,0.110571,0.713286,0.252286,0.225571,0.0791429,0.415571
43295475,Brianna Turner,F/UTIL,LAV,DAL,,3000,0,3.85,,3.85,1.2833333333333334,1.11,0.6840176078560202,0,100,92.8334,183.8408,3.85296,1.5,3.25,5.5,7,9.75,13,3.91844,1.2,3.2,5.8,7.4,10.2,13.8,3.91844,1.2,3.2,5.8,7.4,10.2,13.8,4.01651,1.5,3.5,5.8,7.4,10.1,13.6,3.03956,3.35357,3.35357,3.23448,1.05043,6.94107,0.434857,0.009,1.46614,0.464429,1.00171,0.314714,0.217286,0.132714,0.413429
43295477,Juste Jocyte,F/UTIL,GSV,LAS,,3000,0,3.29,,3.29,1.0966666666666667,0.96,0.5706864047367521,0,100,88.1933,177.2946,3.29221,1.25,2.75,4.75,6,8.5,12.25,3.26633,1.2,3,5,6.2,9,12.5,3.26633,1.2,3,5,6.2,9,12.5,3.35419,1.2,3,5,6.2,8.9,12.2,2.82932,2.9827,2.9827,2.88507,1.45529,4.50906,0.355,0.161143,0.534857,0.0814286,0.453429,0.506714,0.154,0.0922857,0.329714
43295503,Jihyun Park,F/UTIL,LAS,GSV,,3000,0,3.12,,3.12,1.04,0.96,0.5706864047367521,0,100,89.1013,177.2946,3.11764,1.25,2.75,4.75,6,8.25,11,3.08099,1.2,2.7,4.5,6,8.4,11.6,3.08099,1.2,2.7,4.5,6,8.4,11.6,3.14827,1.2,2.7,4.6,6,8.4,11.4,2.6576,2.78609,2.78609,2.69454,1.23057,4.37935,0.262,0.145286,0.681714,0.120714,0.561,0.461857,0.124143,0.0752857,0.258714
43295467,Kate Martin,G/UTIL,LAS,GSV,,3000,0,2.58,,2.58,0.86,0.51,0.2324995203411805,0,100,89.1013,177.2946,2.58229,0,2,4,5.5,7.75,10.75,2.41453,0,2,4,5.2,7.4,10.4,2.41453,0,2,4,5.2,7.4,10.4,2.47989,0,2,3.9,5.2,7.4,10.2,2.64641,2.60078,2.60078,2.51944,1.22643,4.58771,0.128429,0.294571,0.682286,0.0767143,0.605571,0.140714,0.104,0.027,0.234714
43295499,Janiah Barker,F/UTIL,LAV,DAL,,3000,0,0,,0,0,0,0,0,100,92.8334,183.8408,,,,,,,,,,,,,,,,,,,,,,,,,,,,,,,,,,,,,,,,,,,
43295489,Miela Sowah,G/UTIL,GSV,LAS,,3000,0,0,,0,0,0,0,0,100,88.1933,177.2946,,,,,,,,,,,,,,,,,,,,,,,,,,,,,,,,,,,,,,,,,,,
43295485,Laeticia Amihere,F/UTIL,GSV,LAS,,3000,0,0,,0,0,0,0,0,100,88.1933,177.2946,,,,,,,,,,,,,,,,,,,,,,,,,,,,,,,,,,,,,,,,,,,
43295513,Jordan Harrison,G/UTIL,POR,MIN,O,3000,0,0,,0,0,0,0,0,100,81.5071,175.0024,,,,,,,,,,,,,,,,,,,,,,,,,,,,,,,,,,,,,,,,,,,
43295495,Eliska Hamzova,G/UTIL,MIN,POR,,3000,0,0,,0,0,0,0,0,100,93.4953,175.0024,,,,,,,,,,,,,,,,,,,,,,,,,,,,,,,,,,,,,,,,,,,
43295483,JJ Quinerly,G/UTIL,DAL,LAV,,3000,0,0,,0,0,0,0,0,100,91.0074,183.8408,,,,,,,,,,,,,,,,,,,,,,,,,,,,,,,,,,,,,,,,,,,
43295367,Napheesa Collier,F/UTIL,MIN,POR,O,10400,0,0,,0,0,0,0,0,100,93.4953,175.0024,,,,,,,,,,,,,,,,,,,,,,,,,,,,,,,,,,,,,,,,,,,
43295509,Laura Ziegler,F/UTIL,LAS,GSV,,3000,0,0,,0,0,0,0,0,100,89.1013,177.2946,,,,,,,,,,,,,,,,,,,,,,,,,,,,,,,,,,,,,,,,,,,
43295501,Sania Feagin,F/UTIL,LAS,GSV,,3000,0,0,,0,0,0,0,0,100,89.1013,177.2946,,,,,,,,,,,,,,,,,,,,,,,,,,,,,,,,,,,,,,,,,,,
43295497,Emma Cechova,F/UTIL,MIN,POR,,3000,0,0,,0,0,0,0,0,100,93.4953,175.0024,,,,,,,,,,,,,,,,,,,,,,,,,,,,,,,,,,,,,,,,,,,
43295427,Dorka Juhasz,F/UTIL,MIN,POR,O,5100,0,0,,0,0,0,0,0,100,93.4953,175.0024,,,,,,,,,,,,,,,,,,,,,,,,,,,,,,,,,,,,,,,,,,,
43295409,Chennedy Carter,G/UTIL,LAV,DAL,O,6500,0,0,,0,0,0,0,0,100,92.8334,183.8408,,,,,,,,,,,,,,,,,,,,,,,,,,,,,,,,,,,,,,,,,,,
43295473,Nadia Fingall,F/UTIL,GSV,LAS,,3000,0,0,,0,0,0,0,0,100,88.1933,177.2946,,,,,,,,,,,,,,,,,,,,,,,,,,,,,,,,,,,,,,,,,,,
43295479,Li Yueru,F/UTIL,DAL,LAV,,3000,0,0,,0,0,0,0,0,100,91.0074,183.8408,,,,,,,,,,,,,,,,,,,,,,,,,,,,,,,,,,,,,,,,,,,
43295443,Odyssey Sims,G/UTIL,DAL,LAV,O,4000,0,0,,0,0,0,0,0,100,91.0074,183.8408,,,,,,,,,,,,,,,,,,,,,,,,,,,,,,,,,,,,,,,,,,,
43295493,Emese Hof,F/UTIL,MIN,POR,,3000,0,0,,0,0,0,0,0,100,93.4953,175.0024,,,,,,,,,,,,,,,,,,,,,,,,,,,,,,,,,,,,,,,,,,,
43295441,Dana Evans,G/UTIL,LAV,DAL,O,4200,0,0,,0,0,0,0,0,100,92.8334,183.8408,,,,,,,,,,,,,,,,,,,,,,,,,,,,,,,,,,,,,,,,,,,
43295511,Holly Winterburn,G/UTIL,POR,MIN,,3000,0,0,,0,0,0,0,0,100,81.5071,175.0024,,,,,,,,,,,,,,,,,,,,,,,,,,,,,,,,,,,,,,,,,,,
43295449,Karlie Samuelson,G/UTIL,POR,MIN,O,3600,0,0,,0,0,4.43,4.012257901884102,0,100,81.5071,175.0024,9.15839,5.5,8.5,12.25,14.25,18.25,23.25,8.96099,5.2,8.5,12.1,14.2,18.2,23.101,8.96099,5.2,8.5,12.1,14.2,18.2,23.101,9.09627,5.5,8.6,12.1,14.2,18.1,22.701,5.03536,5.13955,5.13955,4.95548,3.74143,14.4985,0.242429,0.864286,1.61957,0.215429,1.40414,1.28157,0.542571,0.179714,0.813143
43295463,Serah Williams,F/UTIL,POR,MIN,,3100,0,0,,0,0,0,0,0,100,81.5071,175.0024,,,,,,,,,,,,,,,,,,,,,,,,,,,,,,,,,,,,,,,,,,,
43295487,Iliana Rupert,F/UTIL,GSV,LAS,O,3000,0,0,,0,0,0,0,0,100,88.1933,177.2946,,,,,,,,,,,,,,,,,,,,,,,,,,,,,,,,,,,,,,,,,,,
43295491,Ashten Prechtel,F/UTIL,GSV,LAS,,3000,0,0,,0,0,0,0,0,100,88.1933,177.2946,,,,,,,,,,,,,,,,,,,,,,,,,,,,,,,,,,,,,,,,,,,
43295507,Ta'Niya Latson,G/UTIL,LAS,GSV,,3000,0,0,,0,0,0,0,0,100,89.1013,177.2946,,,,,,,,,,,,,,,,,,,,,,,,,,,,,,,,,,,,,,,,,,,
43295481,Costanza Verona,G/UTIL,DAL,LAV,,3000,0,0,,0,0,0,0,0,100,91.0074,183.8408,,,,,,,,,,,,,,,,,,,,,,,,,,,,,,,,,,,,,,,,,,,
43295505,Emma Cannon,F/UTIL,LAS,GSV,,3000,0,0,,0,0,0,0,0,100,89.1013,177.2946,,,,,,,,,,,,,,,,,,,,,,,,,,,,,,,,,,,,,,,,,,,