Name,dfs_id,dk_salary,proj,p95,own,mc_prob,value,wave,CEIL,VAL,LEV,SAFE,DFS_SCORE_SE,kill_SE,kill_reason_SE,DFS_SCORE_3MAX,kill_3MAX,kill_reason_3MAX,DFS_SCORE_20MAX,kill_20MAX,kill_reason_20MAX,DFS_SCORE_150MAX,kill_150MAX,kill_reason_150MAX
Tommy Fleetwood,42464033,10500,71.18,114.52,22.1,0.816154,6.77904761904762,AM,100.0,90.68225265929387,0.0,100.0,80.67056316482346,False,,77.67056316482346,False,,74.95009558504465,False,,73.13645053185877,False,
Ludvig Aberg,42464034,10100,70.41,114.0,23.61,0.804308,6.971287128712871,PM,100.0,93.25381031255198,0.0,100.0,81.313452578138,False,,78.313452578138,False,,75.51583826876143,False,,73.6507620625104,False,
Russell Henley,42464036,9800,69.15,113.0,22.3,0.794462,7.0561224489795915,PM,100.0,94.38863903469328,0.0,100.0,81.59715975867331,False,,78.59715975867331,False,,75.76550058763252,False,,73.87772780693865,False,
Jordan Spieth,42464038,9500,68.82,113.0,28.06,0.796,7.244210526315789,PM,100.0,96.9046636313162,7.46445497630332,100.0,83.49512325380061,False,,80.71905690308972,False,,78.03585064343933,False,,76.24704647033907,False,
Robert MacIntyre,42464035,9900,68.51,111.52,19.89,0.784923,6.92020202020202,PM,100.0,92.57045285919936,0.35545023696682354,100.0,81.2030397550842,False,,78.2137032621932,False,,75.44725318352623,False,,73.60295313108158,False,
Hideki Matsuyama,42464040,9300,67.22,111.0,25.36,0.778,7.2279569892473114,AM,100.0,96.68724262502182,14.573459715639817,100.0,84.64929880791423,False,,82.08650259938342,False,,79.62308911210197,False,,77.98081345391432,False,
Si Woo Kim,42464037,9600,67.09,110.5,19.31,0.778,6.988541666666667,AM,100.0,93.4846215500847,5.094786729857821,100.0,82.237269131597,False,,79.39011273349273,False,,76.73841768888593,False,,74.9706209924814,False,
Maverick McNealy,42464043,9000,64.88,107.0,20.44,0.756769,7.208888888888889,AM,98.95953757225438,96.43217164874238,24.052132701421808,98.10871527294951,85.42327280347386,False,,83.21859177231414,False,,81.06420704988061,False,,79.64213093991334,False,
Sepp Straka,42464041,9200,64.77,108.0,14.95,0.757846,7.040217391304348,PM,99.88439306358386,94.17587958237516,19.31279620853081,98.3094696022157,84.44510853564904,False,,82.10670680306586,False,,79.89231277107788,False,,78.44229880744204,False,
Rickie Fowler,42464045,8800,64.58,106.5,21.61,0.753846,7.338636363636363,AM,98.49710982658964,98.16778319008877,35.9004739336493,97.56386392248987,87.58670088484462,False,,85.75546410326139,False,,83.9061097436502,False,,82.68876093564441,False,
Michael Thorbjornsen,42464044,8900,62.92,106.5,12.65,0.736615,7.069662921348314,AM,98.49710982658964,94.56976780166293,21.682464454976312,94.35198105565094,83.62775885299595,False,,81.53057593039449,False,,79.42685940541266,False,,78.0934672016071,False,
Keith Mitchell,42464048,8500,61.89,104.0,15.15,0.726615,7.281176470588235,PM,96.18497109826593,97.39915124767171,26.421800947867307,92.48796685633637,83.8893763616637,False,,81.98133146924822,False,,79.92595104509267,False,,78.61731416635448,False,
J.J. Spaun,42464047,8600,61.49,102.5,11.94,0.729846,7.15,PM,94.79768786127171,95.64442425395457,38.2701421800948,93.09022984413491,85.058197590215,False,,83.44774412063653,False,,81.76066481876346,False,,80.66440291780037,False,
Denny McCarthy,42464051,8200,61.14,104.0,14.52,0.73,7.456097560975611,PM,96.18497109826593,99.73904313298283,35.9004739336493,93.11893566280435,86.21191750186802,False,,84.5566843587026,False,,82.70284799143181,False,,81.518057670509,False,
Alex Noren,42464046,8700,60.61,103.5,10.64,0.710462,6.966666666666667,AM,95.72254335260119,93.19200311923778,14.573459715639817,89.47702472018356,80.04546034949337,False,,77.92326377200541,False,,75.68961784254584,False,,74.3046125334464,False,
Ryo Hisatsune,42464050,8300,59.71,101.5,11.52,0.702615,7.193975903614457,AM,93.87283236994224,96.2326829927311,38.2701421800948,88.01433277798141,83.83863777497322,False,,82.46348204887585,False,,80.84177581633597,False,,79.85827998784207,False,
Sudarshan Yellamaraju,42464052,8100,58.14,99.0,9.18,0.689846,7.177777777777778,AM,91.56069364161853,96.01600321376014,31.161137440758303,85.63417304687664,81.2212923615593,False,,79.7056317052706,False,,77.87851614397538,False,,76.7592144463576,False,
John Keefer,42464053,8000,58.11,101.0,7.45,0.686615,7.26375,PM,93.4104046242775,97.1660400943584,19.31279620853081,85.0319100590781,80.0770211480809,False,,78.27301762386848,False,,76.10499019859763,False,,74.79928015783707,False,
Nick Taylor,42464054,8000,57.98,99.0,7.94,0.688,7.2475,PM,91.56069364161853,96.94866640287213,35.9004739336493,85.29007602568316,82.19132595839008,False,,80.83505024794778,False,,79.1290168261898,False,,78.09617150528341,False,
Tony Finau,42464069,7400,56.92,97.5,10.71,0.676615,7.691891891891892,AM,90.1734104046243,100.0,64.33649289099529,83.16789585976353,86.83667891717914,False,,86.41184711901332,False,,85.48205219664038,False,,84.97894749080612,False,
Thorbjorn Olesen,42464057,7800,56.75,99.5,8.65,0.662923,7.2756410256410255,AM,92.02312138728327,97.32510447215209,14.573459715639817,80.61568761806205,77.90068792047684,False,,76.1475697587886,False,,73.89316909147766,False,,72.58035920942405,False,
Stephan Jaeger,42464068,7400,56.64,98.5,9.3,0.667077,7.654054054054054,PM,91.09826589595379,100.0,45.37914691943129,81.38999911645732,83.60979584005723,False,,82.72363560973638,False,,81.27917535290923,False,,80.47800629468276,False,
Marco Penge,42464058,7800,56.31,98.5,8.98,0.665538,7.219230769230769,AM,91.09826589595379,96.5705133537777,35.9004739336493,81.10312733118279,81.0836754138638,False,,79.92749858323323,False,,78.3073001719248,False,,77.39375354046535,False,
Brian Harman,42464056,7900,55.91,97.5,5.9,0.664308,7.077215189873417,PM,90.1734104046243,94.67079330864124,16.943127962085313,80.87385358466712,76.98869675140547,False,,75.25676611912716,False,,73.11092729512963,False,,71.83536069279722,False,
Jordan L. Smith,42464059,7700,55.85,96.5,6.74,0.654615,7.253246753246753,PM,89.24855491329483,97.02553981624489,47.7488151658768,79.06706462127148,82.1015473235666,False,,81.36562964574523,False,,80.09095771207464,False,,79.410867927828,False,
Alex Smalley,42464063,7600,55.43,96.0,6.89,0.659077,7.2934210526315795,PM,88.78612716763008,97.56294509379283,57.22748815165879,79.89878775700566,83.83789513433078,False,,83.33550293438286,False,,82.30318601433132,False,,81.76309705780737,False,
Christiaan Bezuidenhout,42464072,7300,54.78,95.5,11.37,0.648615,7.5041095890410965,AM,88.32369942196536,100.0,85.66350710900478,77.94865610168277,88.71553320921421,False,,89.15447960583951,False,,88.93188568551531,True,chalk_trap,88.95640712730388,True,chalk_trap
Will Zalatoris,42464061,7600,54.73,95.0,5.93,0.650769,7.201315789473684,AM,87.86127167630062,96.33086749022696,57.22748815165879,78.35016476021512,82.86870604737601,False,,82.425247887441,False,,81.44236864560567,False,,80.94563426631689,False,
Davis Thompson,42464064,7500,54.68,95.02,4.66,0.649231,7.290666666666667,AM,87.8797687861272,97.52610010641,0.35545023696682354,78.06347937636053,73.4489595808873,False,,71.31404449490083,False,,68.59525078701286,False,,66.94632647191699,False,
Andrew Novak,42464075,7300,54.51,94.5,5.34,0.647385,7.467123287671233,AM,87.39884393063588,99.88653254302258,50.11848341232229,77.71938235516707,82.24721248052549,False,,81.61277474374953,False,,80.31332250133788,False,,79.60834536598793,False,
Mac Meissner,42464073,7300,53.81,95.0,6.64,0.635846,7.371232876712329,AM,87.86127167630062,98.6038216132828,66.70616113744079,75.568496370578,84.49198530779547,False,,84.47197075691581,False,,83.760896448755,False,,83.49172649840983,False,
Matt Wallace,42464074,7300,53.65,94.5,6.35,0.631385,7.3493150684931505,PM,87.39884393063588,98.31063054362798,73.81516587677727,74.73695963626376,85.28518845585351,False,,85.51077232895638,False,,85.02914607483828,False,,84.91909331033244,False,
Tom Kim,42464078,7200,53.63,95.0,4.23,0.629077,7.448611111111111,PM,87.86127167630062,99.63889807186449,0.0,74.30674515906196,73.15835678677276,False,,71.20024496234566,False,,68.48216855053451,False,,66.89602638461437,False,
Patrick Rodgers,42464066,7500,53.36,92.0,4.61,0.636923,7.1146666666666665,AM,85.08670520231217,95.17177581708188,54.85781990521329,75.76925069984416,80.6055714550042,False,,80.16457762121462,False,,79.14150803390793,False,,78.61475255074458,False,
J.T. Poston,42464067,7400,53.15,93.5,5.92,0.628462,7.182432432432432,AM,86.4739884393064,96.07826779621405,78.55450236966828,74.19210828580411,85.07236961599438,False,,85.44887904158034,False,,85.16880368185402,True,chalk_trap,85.18678477792818,False,
Chris Kirk,42464076,7200,53.04,92.0,5.24,0.630154,7.366666666666666,PM,85.08670520231217,98.54274014043803,85.66350710900478,74.50749948832814,86.43292911818457,False,,86.97919346108456,False,,86.80440058442123,False,,86.86419209521209,False,
Rico Hoey,42464065,7500,52.7,94.0,4.37,0.614154,7.026666666666667,AM,86.93641618497114,93.99461367241784,14.573459715639817,71.52507676942483,73.31699507393722,False,,71.91667335063461,False,,69.8422655202422,False,,68.71618262357302,False,
Max Homa,42464086,7000,52.65,93.5,4.76,0.62,7.521428571428571,AM,86.4739884393064,100.0,45.37914691943129,72.61477947034413,80.09752647730858,False,,79.55764168016043,False,,78.19620026712263,False,,77.5195594745801,False,
Matthew McCarty,42464071,7400,52.24,91.0,3.84,0.616,7.059459459459459,PM,84.1618497109827,94.43327769848018,28.791469194312807,71.8691737906183,74.8582068359503,False,,73.81172921646844,False,,72.08832847975069,False,,71.14427258727828,False,
Max McGreevy,42464070,7400,52.18,92.0,4.75,0.613846,7.051351351351351,AM,85.08670520231217,94.32481681291532,66.70616113744079,71.46766513208594,81.54773259988959,False,,81.67726828145476,False,,81.12108941259504,False,,80.97728750119234,False,
Beau Hossler,42464098,6800,51.79,91.0,5.09,0.614308,7.616176470588235,PM,84.1618497109827,100.0,100.0,71.55378258809428,88.29225940779229,False,,89.39780727260721,False,,89.64996861506498,True,chalk_trap,90.02821062875165,True,chalk_trap
Austin Smotherman,42464085,7000,51.72,91.5,5.87,0.608462,7.388571428571429,AM,84.62427745664743,98.835756691599,100.0,70.46407988717498,87.95898058386076,False,,89.12826213863497,False,,89.44639338927644,True,chalk_trap,89.89448418252866,True,chalk_trap
Seonghyeon Kim,42464094,6900,51.71,91.0,4.61,0.612308,7.494202898550724,AM,84.1618497109827,100.0,78.55450236966828,71.18097974823135,84.5719642426633,False,,85.05278732056144,False,,84.66903979090651,False,,84.62955593718242,False,
Billy Horschel,42464101,6800,51.67,92.5,5.07,0.605385,7.598529411764706,PM,85.54913294797691,100.0,61.96682464454979,69.89052271804587,82.02113525341387,False,,82.0965965158076,False,,81.26877345974272,False,,80.97786825953165,False,
Mackenzie Hughes,42464084,7100,51.46,90.5,4.16,0.605077,7.2478873239436625,PM,83.69942196531795,96.95384757428351,64.33649289099529,69.833111080707,80.9480682480023,False,,81.06049592000318,False,,80.35930149719674,False,,80.1229437300693,False,
Hao-Tong Li,42464080,7100,51.44,93.0,3.71,0.599538,7.245070422535211,PM,86.01156069364166,96.91616632765533,0.0,68.80063361570666,70.67356136863899,False,,68.9537609017265,False,,66.39049445345553,False,,64.96849893924048,False,
Lee Hodges,42464093,6900,51.19,90.5,3.96,0.604462,7.418840579710144,PM,83.69942196531795,99.24066236059458,59.59715639810429,69.71847420744916,80.69115736613703,False,,80.66713678701404,False,,79.75745056329671,False,,79.38400887678299,False,
Bud Cauley,42464077,7200,51.13,92.02,3.87,0.596615,7.101388888888889,AM,85.10520231213876,94.99416107429481,0.35545023696682354,68.25578226524702,69.8001001405202,False,,68.10007858060962,False,,65.59790565642761,False,,64.21061404108781,False,
Chad Ramey,42464089,7000,50.73,89.52,2.83,0.600154,7.247142857142856,PM,82.79306358381507,96.94388895910319,19.31279620853081,68.91545689038443,72.76360313515265,False,,71.55307544856565,False,,69.50169479991709,False,,68.36540114570856,False,
Michael Kim,42464092,6900,50.51,88.5,2.74,0.595077,7.320289855072463,AM,81.84971098265899,97.92236483363222,50.11848341232229,67.96909688139243,77.69744293819176,False,,77.43953681614498,False,,76.283032655531,False,,75.7433734501428,False,
Taylor Moore,42474776,6900,50.49,89.02,3.16,0.594923,7.317391304347826,AM,82.33063583815031,97.88359137695684,47.7488151658768,67.940391062723,77.46191625347998,False,,77.14397387208315,False,,75.92773548125928,False,,75.35674730030051,False,
Eric Cole,42464091,6900,50.42,91.5,4.19,0.583385,7.3072463768115945,PM,84.62427745664743,97.74788427859308,50.11848341232229,65.78969147955385,78.27227697917985,False,,78.17883245670478,False,,77.12664215025853,False,,76.73909171224592,False,
Matt Kuchar,42464099,6800,50.38,89.0,2.3,0.593846,7.408823529411765,AM,82.31213872832373,99.10666585590768,12.203791469194316,67.7396367334568,71.67785107719433,False,,70.3032257591638,False,,67.98758956745974,False,,66.68670713957148,False,
William Mouw,42464087,7000,50.16,90.0,3.52,0.590154,7.1657142857142855,AM,83.23699421965321,95.85463177978744,38.2701421800948,67.05144269106987,75.50992845724517,False,,74.97020047248758,False,,73.56637681506847,False,,72.90025356893211,False,
Vince Whaley,42464103,6700,50.08,89.0,4.17,0.592462,7.474626865671642,AM,82.31213872832373,99.9869067245182,97.51184834123227,67.48165716827168,86.34868504955638,False,,87.54620041594625,False,,87.76855829564872,True,chalk_trap,88.16397157478457,True,chalk_trap
Adrien Dumont De Chassart,42464082,7100,49.63,88.5,3.93,0.578615,6.990140845070424,AM,81.84971098265899,93.5060135078059,100.0,64.9005567064808,84.45950489165806,False,,85.8514712759872,False,,86.38527395627658,True,chalk_trap,87.02362831440581,True,chalk_trap
John Parry,42464079,7200,49.55,88.5,2.89,0.580769,6.881944444444444,PM,81.84971098265899,92.05868729183078,59.59715639810429,65.30206536501315,77.30949165704847,False,,77.46929730039412,False,,76.82640428593523,False,,76.6736030365901,False,
Steven Fisk,42464106,6700,49.48,88.02,2.61,0.583538,7.385074626865671,PM,81.40578034682083,98.78898052574202,57.22748815165879,65.81821089680336,78.5237568283701,False,,78.5777865350161,False,,77.64269315279395,False,,77.27909038881282,False,
Seamus Power,42464095,6900,49.2,89.5,2.63,0.568154,7.130434782608695,AM,82.77456647398847,95.38270342139586,14.573459715639817,62.950611452577846,70.36762155763893,False,,69.31278610595899,False,,67.28498789521453,False,,66.26352167174173,False,
Kristoffer Reitan,42464081,7100,49.19,88.5,3.08,0.570308,6.928169014084507,PM,81.84971098265899,92.67702608198613,64.33649289099529,63.352120111110196,77.87977450759819,False,,78.27925750842572,False,,77.79899333012696,False,,77.78711039245363,False,
Jhonattan Vegas,42464113,6600,49.05,87.5,1.98,0.571846,7.431818181818182,PM,80.92485549132952,99.41426170070929,38.2701421800948,63.63880549496477,74.83869578149161,False,,74.42335688197281,False,,72.93475429628167,False,,72.23045340576031,False,
Doug Ghim,42464088,7000,49.01,88.5,2.38,0.570308,7.001428571428571,AM,81.84971098265899,93.65700764608019,35.9004739336493,63.352120111110196,73.29064667587288,False,,72.83704910798004,False,,71.47430491403809,False,,70.87410196593595,False,
Zecheng Dou,42464083,7100,49.0,88.5,3.13,0.569385,6.901408450704226,PM,81.84971098265899,92.3190542390185,69.07582938388627,63.180071600513465,78.5615590485284,False,,79.11182456967249,False,,78.78792061166143,True,chalk_trap,78.88314529602317,False,
Kevin Yu,42464104,6700,48.61,86.5,1.72,0.568769,7.255223880597015,PM,80.00000000000003,97.05198753751658,26.421800947867307,63.065248325835675,71.76775271068374,False,,71.00714432282797,False,,69.22693375862177,False,,68.32237257705373,False,
Austin Eckroat,42464097,6800,48.31,86.5,1.87,0.560462,7.104411764705883,AM,80.00000000000003,95.03459760815602,45.37914691943129,61.51681173046507,74.17646672443536,False,,74.06200054549504,False,,72.94200079022399,False,,72.50338742453556,False,
Bronson Burgoon,42464115,6600,48.06,87.0,2.28,0.554462,7.281818181818182,AM,80.46242774566477,97.4077353177592,52.48815165876779,60.398403210876324,75.93032279695821,False,,76.09429574109072,False,,75.14798872201675,False,,74.85151778488057,False,
Joel Dahmen,42474773,6600,47.69,86.0,2.15,0.552154,7.225757575757576,AM,79.53757225433529,96.65782141706067,66.70616113744079,59.96818873367453,77.72241795101242,False,,78.31594479353862,False,,77.80878265556323,False,,77.79683095559068,False,
Karl Vilips,42464120,6500,47.57,84.0,1.36,0.556769,7.318461538461539,PM,77.68786127167633,97.89790773019084,12.203791469194316,60.828431286658194,68.23619502287939,True,mc_risk,67.11464442805584,True,mc_risk,64.8810095399263,True,mc_risk,63.67291011425692,False,
Emiliano Grillo,42464108,6700,47.52,86.0,1.81,0.551692,7.092537313432836,AM,79.53757225433529,94.8757549430732,52.48815165876779,59.882071277666185,74.84261622993948,False,,75.0139086609059,False,,74.13539058191012,False,,73.87730354552409,False,
Kevin Roy,42464096,6900,47.32,85.5,1.74,0.546,6.857971014492754,PM,79.07514450867055,91.73799849391163,52.48815165876779,58.82107439541635,73.67025519784652,False,,73.88534891801213,False,,73.11293491522291,False,,72.93556008191766,False,
Sami Valimaki,42464110,6600,47.31,85.0,1.54,0.549231,7.168181818181819,AM,78.6127167630058,95.88763957310005,31.161137440758303,59.42333738321488,71.0268031047891,True,mc_risk,70.56272469411124,True,mc_risk,69.0047172177368,True,mc_risk,68.28586855648369,True,mc_risk
Andrew Putnam,42464102,6800,47.2,86.0,3.9,0.54,6.9411764705882355,PM,79.53757225433529,92.85102477965151,100.0,57.702665875827606,81.9775668267258,False,,83.68318497802113,False,,84.33435236220174,True,chalk_trap,85.13237905796396,True,chalk_trap
Matthieu Pavon,42464122,6500,46.9,85.0,1.23,0.541846,7.2153846153846155,PM,78.6127167630058,96.51906395934307,0.0,58.04676289702109,65.6119509391822,True,mc_risk,64.28186712959125,True,mc_risk,61.79761428813066,True,mc_risk,60.48421162492334,True,mc_risk
Garrick Higgo,42464119,6500,46.8,85.0,1.4,0.534769,7.199999999999999,AM,78.6127167630058,96.31326638160459,5.094786729857821,56.72760004816616,66.16278271905242,True,mc_risk,65.05150065379996,True,mc_risk,62.752648598544354,True,mc_risk,61.584832506954605,True,mc_risk
Tom Hoge,42464121,6500,46.51,83.5,1.44,0.539231,7.155384615384615,PM,77.22543352601159,95.71645340616304,47.7488151658768,57.55932318390031,72.90394130640428,True,mc_risk,73.00294827270581,True,mc_risk,71.95724133233945,True,mc_risk,71.58787187779707,True,mc_risk
Kris Ventura,42464112,6600,46.23,83.52,1.69,0.531692,7.004545454545455,AM,77.24393063583818,93.69870170079085,69.07582938388627,56.15404287903707,75.7510686378843,True,mc_risk,76.5605199881658,True,mc_risk,76.24363157379469,True,mc_risk,76.38387076016062,True,mc_risk
Jesper Svensson,42464100,6800,46.08,84.0,1.78,0.528462,6.776470588235294,PM,77.68786127167633,90.64778012386316,78.55450236966828,55.55196629265845,76.64799097557808,True,mc_risk,77.78078495746874,True,mc_risk,77.86070452442326,True,mc_risk,78.28291581870991,True,mc_risk
Carson Young,42487478,6600,45.84,82.5,1.67,0.528923,6.945454545454546,PM,76.3005780346821,92.90825191356808,88.03317535545028,55.63789734724687,78.31450191144714,True,mc_risk,79.69961386544195,True,mc_risk,79.96661518244711,True,mc_risk,80.48899407190783,True,mc_risk
Webb Simpson,42464117,6500,45.51,82.5,1.26,0.522923,7.001538461538461,AM,76.3005780346821,93.65847762877831,31.161137440758303,54.51948882765812,68.61013019083431,True,mc_risk,68.34500143336781,True,mc_risk,66.90570301186767,True,mc_risk,66.30918888431799,True,mc_risk
Daniel Brown,42464105,6700,45.31,83.0,1.41,0.515231,6.762686567164179,AM,76.76300578034684,90.46339344424761,43.00947867298579,53.085689105545356,69.71453975311036,True,mc_risk,69.8857997736296,True,mc_risk,68.93572866398777,True,mc_risk,68.69696986880659,True,mc_risk
Chan Kim,42487479,6500,44.99,83.0,1.29,0.510154,6.921538461538462,PM,76.76300578034684,92.58833022453827,21.682464454976312,52.139329096553354,66.43090952932302,True,mc_risk,66.00967712375156,True,mc_risk,64.37497468434059,True,mc_risk,63.69556766946314,True,mc_risk
Sam Ryder,42474777,6500,44.86,82.5,1.21,0.509231,6.901538461538461,AM,76.3005780346821,92.32079337347827,19.31279620853081,51.96728058595661,65.75104946919033,True,mc_risk,65.25808088684207,True,mc_risk,63.55450692086814,True,mc_risk,62.824345901030966,True,mc_risk
A.J. Ewart,42464107,6700,44.71,81.5,1.41,0.510462,6.673134328358209,PM,75.37572254335262,89.26546724547143,85.66350710900478,52.196740733892234,75.96128573315112,True,mc_risk,77.4288683605937,True,mc_risk,77.7843891926889,True,mc_risk,78.4077194442434,True,mc_risk
Lucas Glover,42464118,6500,44.58,82.5,1.35,0.504,6.858461538461539,AM,76.3005780346821,91.74456015581055,40.6398104265403,50.99221475829518,69.03757041630273,True,mc_risk,69.23316555187782,True,mc_risk,68.20619032552743,True,mc_risk,67.94334622923365,True,mc_risk
Adrien Saddier,42464114,6600,44.57,82.0,1.69,0.504308,6.753030303030304,PM,75.83815028901736,90.33422311927856,100.0,51.04962639563405,78.61197816877305,True,mc_risk,80.57625985477169,True,mc_risk,81.36200363906099,True,mc_risk,82.29897489347694,True,mc_risk
Chandler Blanchet,42464111,6600,44.51,82.0,1.63,0.501385,6.743939393939394,AM,75.83815028901736,90.21261545970583,99.88151658767777,50.5047750451744,78.45246380369315,True,mc_risk,80.44043355484511,True,mc_risk,81.23716809356112,True,mc_risk,82.19054737343586,True,mc_risk
Dylan Wu,42464126,6400,44.33,82.0,1.54,0.499385,6.926562499999999,AM,75.83815028901736,92.65553599601847,92.77251184834127,50.131972205311506,77.78010256411153,True,mc_risk,79.57344231507655,True,mc_risk,80.09107515232036,True,mc_risk,80.86460001187798,True,mc_risk
Takumi Kanaya,42464124,6400,44.2,81.5,1.21,0.502923,6.90625,PM,75.37572254335262,92.38381888166066,47.7488151658768,50.79146042902899,70.01431995089402,True,mc_risk,70.41472583528592,True,mc_risk,69.56736096609887,True,mc_risk,69.41218875521292,True,mc_risk
David Ford,42464109,6700,43.9,81.0,1.42,0.493846,6.552238805970149,AM,74.9132947976879,87.64826687712359,100.0,49.09949474031116,77.19901769046453,True,mc_risk,79.24230884940273,True,mc_risk,80.12913684423656,True,mc_risk,81.15058550841539,True,mc_risk
Jackson Suber,42474778,6200,43.5,81.0,1.09,0.487538,7.016129032258064,PM,74.9132947976879,93.85365339605288,50.11848341232229,47.92367458338354,70.03534246890612,True,mc_risk,70.64097913806037,True,mc_risk,69.86871644283454,True,mc_risk,69.80370164958904,True,mc_risk
Brandt Snedeker,42464128,6400,43.04,79.52,0.95,0.483385,6.725,PM,73.54450867052026,89.9592661689293,47.7488151658768,47.14954948640819,67.98393831251072,True,mc_risk,68.52981546657702,True,mc_risk,67.79140112016769,True,mc_risk,67.73904087563,True,mc_risk
Adam Svensson,42464131,6300,42.91,80.5,0.94,0.475538,6.811111111111111,AM,74.45086705202316,91.11116094432657,38.2701421800948,45.686857544206056,66.71241539530777,True,mc_risk,67.06519412454078,True,mc_risk,66.05524375177016,True,mc_risk,65.86134366172004,True,mc_risk
Lanto Griffin,42474774,6300,42.41,78.5,0.97,0.472769,6.731746031746032,AM,72.6011560693642,90.04950677345352,76.18483412322277,45.17071201241585,72.08638020315281,True,mc_risk,73.565412747616,True,mc_risk,73.69808144924802,True,mc_risk,74.24370131795186,True,mc_risk
Mark Hubbard,42464129,6400,42.39,79.5,0.76,0.472,6.6234375,PM,73.52601156069368,88.60068059714017,24.052132701421808,45.02736932048855,63.18439096568805,True,mc_risk,63.12510671192016,True,mc_risk,61.758623119852714,True,mc_risk,61.322611429144494,True,mc_risk
Jimmy Stanger,42464123,6500,42.04,79.0,0.77,0.468154,6.467692307692308,PM,73.06358381502893,86.51730168125337,35.9004739336493,44.31046945943218,64.35866173063116,True,mc_risk,64.68142415196961,True,mc_risk,63.73798160665341,True,mc_risk,63.588238482369235,True,mc_risk
Patrick Fishburn,42464125,6400,41.62,78.0,0.65,0.459231,6.503124999999999,PM,72.13872832369945,86.99127922748227,28.791469194312807,42.64720958938379,62.58452825078629,True,mc_risk,62.75868641362048,True,mc_risk,61.6025224873117,True,mc_risk,61.323271848677784,True,mc_risk
John VanDerLaan,42464136,6300,41.48,78.52,0.77,0.456923,6.584126984126984,PM,72.61965317919078,88.0748300156296,40.6398104265403,42.21699511218199,64.96634250694814,True,mc_risk,65.52708012771907,True,mc_risk,64.71208270138656,True,mc_risk,64.67546205161504,True,mc_risk
Zachary Bauchou,42464127,6400,41.22,78.0,0.96,0.452923,6.440625,AM,72.13872832369945,86.15522656791974,83.29383886255928,41.471389432456164,71.40575389811204,True,mc_risk,73.27377415884001,True,mc_risk,73.80127930550404,True,mc_risk,74.66407171813414,True,mc_risk
Luke Clanton,42464139,6200,41.21,78.0,0.64,0.454923,6.646774193548387,AM,72.13872832369945,88.91285187244456,21.682464454976312,41.84419227231908,61.69578714292672,True,mc_risk,61.69682602943405,True,mc_risk,60.28580512793761,True,mc_risk,59.85003346112965,True,mc_risk
Patton Kizzire,42464151,6100,40.69,78.0,0.65,0.444769,6.670491803278688,PM,72.13872832369945,89.23011860354033,28.791469194312807,39.951472254335066,62.605090627791064,True,mc_risk,62.91403565737769,True,mc_risk,61.74462129648815,True,mc_risk,61.50146599038453,True,mc_risk
Joe Highsmith,42464138,6300,40.55,77.0,0.45,0.441692,6.436507936507936,AM,71.21387283236997,86.10015325780569,0.0,39.37791508520597,56.46189300779321,True,mc_risk,55.91727471018031,True,mc_risk,53.97098926738941,True,mc_risk,53.20406493464822,True,mc_risk
Danny Walker,42464137,6300,40.38,77.0,0.5,0.441385,6.40952380952381,PM,71.21387283236997,85.73919083970887,7.46445497630332,39.32068984928702,57.62916470205677,True,mc_risk,57.31134131552892,True,mc_risk,55.600962899288405,True,mc_risk,54.9922636715128,True,mc_risk
Pontus Nyholm,42464133,6300,39.76,77.5,0.83,0.428769,6.311111111111111,PM,71.67630057803471,84.42273966782625,80.92417061611378,36.969049535431765,69.49359804843544,True,mc_risk,71.50639670170797,True,mc_risk,72.09558465100866,True,mc_risk,73.06683080125251,True,mc_risk
Charley Hoffman,42464143,6200,39.59,76.0,0.73,0.423538,6.385483870967742,AM,70.28901734104049,85.41761236666053,76.18483412322277,35.99398370777032,68.21444822376246,True,mc_risk,70.10607440889143,True,mc_risk,70.5149917342537,True,mc_risk,71.35918717838305,True,mc_risk
Hank Lebioda,42464130,6400,39.25,76.5,0.78,0.419692,6.1328125,PM,70.75144508670523,82.03766721957425,90.40284360189577,35.27708384671393,69.81886611950662,True,mc_risk,72.1821261369619,True,mc_risk,73.14256865323136,True,mc_risk,74.37410301807755,True,mc_risk
Kevin Streelman,42464135,6300,39.19,75.52,0.73,0.418462,6.220634920634921,AM,69.84508670520233,83.21245391303096,85.66350710900478,35.047810100198234,68.91660465480508,True,dead_salary,71.13102109716937,True,dead_salary,71.90049822514867,True,dead_salary,72.99343758721827,True,dead_salary
Erik Van Rooyen,42464140,6200,39.11,75.5,0.73,0.411692,6.308064516129032,PM,69.82658959537575,84.38198584642822,92.77251184834127,33.785872487262274,70.15810201952031,True,dead_salary,72.64851554251494,True,dead_salary,73.62104566473462,True,dead_salary,74.87007769801629,True,dead_salary
Christo Lamprecht,42464144,6200,38.93,76.0,0.57,0.409385,6.2790322580645155,AM,70.28901734104049,83.9936259013411,47.7488151658768,33.355844411480405,62.4967005254258,True,dead_salary,63.66715310664889,True,dead_salary,63.31847224317617,True,dead_salary,63.701571216353685,True,dead_salary
Adam Schenk,42464147,6100,38.71,75.5,0.49,0.413538,6.345901639344262,AM,69.82658959537575,84.88812708633685,35.9004739336493,34.12996950845575,60.68521028823853,True,mc_risk,61.45225782273274,True,mc_risk,60.69656062989051,True,mc_risk,60.78770616944436,True,mc_risk
Neal Shipley,42464134,6300,38.59,76.0,0.47,0.403692,6.125396825396826,AM,70.28901734104049,81.93846890798329,14.573459715639817,32.29466112781062,56.1308641938121,True,dead_salary,56.35911527571158,True,dead_salary,55.098052124205864,True,dead_salary,54.8905826267559,True,dead_salary
Nick Dunlap,42464150,6100,38.2,74.5,0.53,0.399077,6.262295081967214,PM,68.90173410404627,83.76973533190566,71.44549763033177,31.434418574826957,65.55771110463579,True,dead_salary,67.50738978688533,True,dead_salary,67.8870089664225,True,dead_salary,68.7645436782676,True,dead_salary
Chandler Phillips,42464145,6200,38.17,75.0,0.52,0.397538,6.156451612903226,AM,69.36416184971101,82.3538839109733,54.85781990521329,31.14754678955244,62.502191222430255,True,dead_salary,63.97783171710326,True,dead_salary,63.91728209813362,True,dead_salary,64.51385926982319,True,dead_salary
Alejandro Tosti,42464141,6200,37.86,73.5,0.4,0.396154,6.106451612903226,PM,67.97687861271679,81.68504178332327,40.6398104265403,30.889567224367305,59.33915553604851,True,dead_salary,60.37340905988069,True,dead_salary,59.88379834694419,True,dead_salary,60.175513061459014,True,dead_salary
Peter Malnati,42464149,6100,37.83,74.5,0.53,0.394308,6.201639344262295,AM,68.90173410404627,82.95835307869085,71.44549763033177,30.545470203173835,65.17707586700148,True,dead_salary,67.17120196783365,True,dead_salary,67.59294158240033,True,dead_salary,68.51337239045932,True,dead_salary
Gordon Sargent,42464158,6000,37.44,73.5,0.21,0.387077,6.239999999999999,PM,67.97687861271679,83.47149753072398,19.31279620853081,29.197601535649476,55.82178391809351,True,dead_salary,56.3008252998213,True,dead_salary,55.15164980169685,True,dead_salary,55.03185408756501,True,dead_salary
Paul Waring,42464146,6200,36.52,73.52,0.52,0.366769,5.890322580645162,PM,67.99537572254337,78.79391774767474,69.07582938388627,25.412161499681456,62.36204550668213,True,dead_salary,64.52361982766551,True,dead_salary,65.08374146120909,True,dead_salary,66.16687612061918,True,dead_salary
Camilo Villegas,42464153,6100,36.01,72.5,0.3,0.357692,5.9032786885245905,PM,67.05202312138731,78.96722956287755,43.00947867298579,23.720195810963624,57.27722671344688,True,dead_salary,58.72254174551601,True,dead_salary,58.51044576502773,True,dead_salary,59.091245566542604,True,dead_salary
Kensei Hirata,42464148,6100,35.68,71.5,0.24,0.354154,5.849180327868853,PM,66.12716763005783,78.2435643100103,50.11848341232229,23.06070758724613,57.82149847446856,True,dead_salary,59.49456095007708,True,dead_salary,59.51213772400268,True,dead_salary,60.24162990733328,True,dead_salary
Davis Chatfield,42464132,6300,35.6,71.52,0.59,0.347538,5.650793650793651,AM,66.14566473988441,75.58977696616235,100.0,21.827475792979616,65.39829200129259,True,dead_salary,68.62983150644129,True,dead_salary,70.24850197639452,True,dead_salary,72.06625210547843,True,dead_salary
Brice Garnett,42464152,6100,35.16,72.0,0.45,0.335077,5.763934426229508,AM,66.58959537572257,77.1032433054922,59.59715639810429,19.504727699213735,58.612319196668096,True,dead_salary,60.756789411164995,True,dead_salary,61.17330415747353,True,dead_salary,62.23572844962104,True,dead_salary
Nick Hardy,42474775,6100,34.46,71.5,0.29,0.327538,5.649180327868853,AM,66.12716763005783,75.56819579941018,54.85781990521329,18.09944739435048,56.96609151203087,True,dead_salary,59.02939709207091,True,dead_salary,59.36864021995914,True,dead_salary,60.39526430914643,True,dead_salary
Justin Lower,42464142,6200,34.04,71.0,0.46,0.321846,5.490322580645161,PM,65.66473988439309,73.44318072647448,85.66350710900478,17.038450512100635,61.28388264863893,True,dead_salary,64.31516013399191,True,dead_salary,65.65429571291367,True,dead_salary,67.35749092173305,True,dead_salary
Jeffrey Kang,42464154,6100,31.41,68.0,0.21,0.267846,5.149180327868852,PM,62.89017341040465,68.87977452290986,54.85781990521329,6.972773835801971,51.83859367772788,True,dead_salary,54.39349305130227,True,dead_salary,55.09118240426343,True,dead_salary,56.48826529914759,True,dead_salary
Kyoung-Hoon Lee,42464156,6000,31.12,67.0,0.14,0.260615,5.1866666666666665,PM,61.96531791907517,69.38122337489665,52.48815165876779,5.624905168277611,50.94009346861878,True,dead_salary,53.47279911834943,True,dead_salary,54.09281522188151,True,dead_salary,55.445166170082864,True,dead_salary
Frankie Capan,42487480,6100,29.52,64.5,0.11,0.232308,4.839344262295082,AM,59.65317919075147,64.73514625648833,52.48815165876779,0.34844017427786994,47.844668473453744,True,dead_salary,50.59495459831791,True,dead_salary,51.41363954071577,True,dead_salary,52.94784181925556,True,dead_salary
Jimmy Walker,42464161,6000,28.94,62.5,0.08,0.228154,4.823333333333333,PM,57.80346820809251,64.52097058063974,50.11848341232229,0.0,46.61570274432988,True,dead_salary,49.2753266108614,True,dead_salary,49.99932135997373,True,dead_salary,51.445375662850154,True,dead_salary
Rafael Campos,42464157,6000,28.79,63.5,0.08,0.223231,4.798333333333333,AM,58.72832369942199,64.18654951681472,43.00947867298579,0.0,45.675011759391616,True,dead_salary,48.13986259356964,True,dead_salary,48.679116942243205,True,dead_salary,50.0174252363493,True,dead_salary
Brendon Todd,42464155,6000,28.64,62.5,0.08,0.220462,4.773333333333333,PM,57.80346820809251,63.85212845298972,50.11848341232229,0.0,46.44849221241738,True,dead_salary,49.108116078948896,True,dead_salary,49.85217609189072,True,dead_salary,51.311607237320146,True,dead_salary
Ryan Palmer,42464160,6000,27.09,60.5,0.1,0.184923,4.515,AM,55.953757225433556,60.39644412679789,71.44549763033177,0.0,48.50727337452062,True,dead_salary,51.76971344793925,True,dead_salary,53.22026019755394,True,dead_salary,55.119853984387625,True,dead_salary
Marcelo Rozo,42464159,6000,27.06,61.0,0.07,0.188154,4.51,PM,56.416184971098296,60.329559914032885,47.7488151658768,0.0,44.63783884572463,True,dead_salary,47.198627000122904,True,dead_salary,47.94952835710018,True,dead_salary,49.39039901127001,True,dead_salary
Charlie Crockett,42474772,6000,25.55,58.5,0.02,0.162,4.258333333333334,PM,54.10404624277459,56.96305453819439,52.48815165876779,0.0,43.72328698879347,True,dead_salary,46.38001246341199,True,dead_salary,47.327846301884684,True,dead_salary,48.861469631579396,True,dead_salary
Austin Wylie,42464162,6000,24.58,56.0,0.01,0.147385,4.096666666666667,AM,51.791907514450884,54.80046499212595,52.48815165876779,0.0,42.30402688551335,True,dead_salary,44.9145095855654,True,dead_salary,45.88097833585367,True,dead_salary,47.388489294620044,True,dead_salary
Pierceson Coody,42464062,7600,0.0,0.0,0.0,,0.0,PM,0.0,0.0,52.48815165876779,,,True,dead_salary,,True,dead_salary,,True,dead_salary,,True,dead_salary
David Lipsky,42464116,6600,0.0,0.0,0.0,,0.0,PM,0.0,0.0,52.48815165876779,,,True,dead_salary,,True,dead_salary,,True,dead_salary,,True,dead_salary
Matti Schmid,42464090,7000,0.0,0.0,0.0,,0.0,PM,0.0,0.0,52.48815165876779,,,True,dead_salary,,True,dead_salary,,True,dead_salary,,True,dead_salary
Ricky Castillo,42464060,7700,0.0,0.0,0.0,,0.0,PM,0.0,0.0,52.48815165876779,,,True,dead_salary,,True,dead_salary,,True,dead_salary,,True,dead_salary
Gary Woodland,42464055,7900,0.0,0.0,0.0,,0.0,PM,0.0,0.0,52.48815165876779,,,True,dead_salary,,True,dead_salary,,True,dead_salary,,True,dead_salary
Nicolai Hojgaard,42464042,9100,0.0,0.0,0.0,,0.0,PM,0.0,0.0,52.48815165876779,,,True,dead_salary,,True,dead_salary,,True,dead_salary,,True,dead_salary
Daniel Berger,42464049,8400,0.0,0.0,0.0,,0.0,PM,0.0,0.0,52.48815165876779,,,True,dead_salary,,True,dead_salary,,True,dead_salary,,True,dead_salary
Collin Morikawa,42464039,9400,0.0,0.0,0.0,,0.0,PM,0.0,0.0,52.48815165876779,,,True,dead_salary,,True,dead_salary,,True,dead_salary,,True,dead_salary
